{
  "project_info": {
    "project_number": "563480443357",
    "firebase_url": "https://instapet-34793-default-rtdb.firebaseio.com",
    "project_id": "instapet-34793",
    "storage_bucket": "instapet-34793.appspot.com"
  },
  "client": [
    {
      "client_info": {
        "mobilesdk_app_id": "1:563480443357:android:4db7be69e4f67a97339e34",
        "android_client_info": {
          "package_name": "insta.pet.instapet"
        }
      },
      "oauth_client": [],
      "api_key": [
        {
          "current_key": "AIzaSyCTlZaY9hBcyAWrPjTeZ5CvZ-K6RoK-Lr0"
        }
      ],
      "services": {
        "appinvite_service": {
          "other_platform_oauth_client": []
        }
      }
    }
  ],
  "configuration_version": "1"
}